{
    "uvs": [],
    "normals": [-0.577349,-0.577349,0.577349,-0.577349,0.577349,0.577349,-0.577349,0.577349,-0.577349,-0.577349,-0.577349,-0.577349,0.577349,-0.577349,-0.577349,0.577349,-0.577349,0.577349,0.577349,0.577349,-0.577349,0.577349,0.577349,0.577349],
    "vertices": [-339.783,7.11289,299.069,-339.783,4.49609,299.069,339.783,4.49609,299.069,339.783,7.11289,299.069,-339.783,7.11291,-380.496,-339.783,4.49611,-380.496,339.783,4.49611,-380.496,339.783,7.11291,-380.496],
    "faces": [33,1,0,4,5,0,1,2,3,33,5,6,2,1,3,4,5,0,33,6,7,3,2,4,6,7,5,33,0,3,7,4,1,7,6,2,33,0,1,2,3,1,0,5,7,33,7,6,5,4,6,4,3,2],
    "name": "Cube.002Geometry",
    "metadata": {
        "generator": "io_three",
        "normals": 8,
        "vertices": 8,
        "faces": 6,
        "uvs": 0,
        "version": 3,
        "type": "Geometry"
    }
}