{
    "name": "CubeGeometry",
    "uvs": [],
    "metadata": {
        "vertices": 200,
        "type": "Geometry",
        "generator": "io_three",
        "uvs": 0,
        "version": 3,
        "normals": 31,
        "faces": 198
    },
    "vertices": [1,-1,-1,1,-1,1,-1,-1,1,-1,-1,-1,1,1,-1,0.999999,1,1,-1,1,1,-1,1,-1,1,3,-1,0.999999,3,1,-1,3,1,-1,3,-1,3,1,-0.999998,3,1,1,3,3,-0.999998,3,3,1,1,1,-3,1,3,-3,3,1,-3,3,3,-3,1,-1,-0.999999,3,-1,-0.999998,1,-1,-3,3,-1,-3,-0.9,-1,-1,-0.9,-1,1,-0.9,1,-1,-0.9,1,1,-0.9,3,-1,-0.9,3,1,0.905,-1,-1,0.905,-1,1,0.905001,1,-1,0.904999,1,1,0.905001,3,-1,0.904999,3,1,-1,2.9,-1,-1,2.9,1,0.999999,2.9,1,1,2.9,-1,3,2.9,1,3,2.9,-0.999998,1,2.9,-3,3,2.9,-3,-0.9,2.9,1,-0.9,2.9,-1,0.904999,2.9,1,0.905001,2.9,-1,-1,1.095,-1,1,1.095,-1,3,1.095,-0.999998,1,1.095,-3,3,1.095,-3,-1,1.095,1,0.999999,1.095,1,3,1.095,1,-0.9,1.095,1,-0.9,1.095,-1,0.904999,1.095,1,0.905001,1.095,-1,1,-0.9,-1,1,-0.9,1,-1,-0.9,1,-1,-0.9,-1,-0.9,-0.9,1,-0.9,-0.9,-1,0.905,-0.9,1,0.905,-0.9,-1,1,0.905,-1,0.999999,0.905,1,-1,0.905,1,-1,0.905,-1,-0.9,0.905,-1,0.905001,0.905,-1,-0.9,0.905,1,0.904999,0.905,1,1,-1,-0.9,-1,-1,-0.9,1,1,-0.9,-1,1,-0.9,1,3,-0.9,-1,3,-0.9,3,1,-0.899998,3,3,-0.899998,-0.9,-1,-0.9,-0.9,3,-0.9,0.905,-1,-0.9,0.905,3,-0.9,-1,2.9,-0.9,3,2.9,-0.899998,-1,1.095,-0.9,3,1.095,-0.899998,1,-0.9,-0.9,-1,-0.9,-0.9,1,0.905,-0.9,-1,0.905,-0.9,1,-1,0.905,0.999999,1,0.905001,0.999999,3,0.905001,3,1,0.905002,3,3,0.905002,-0.9,3,0.905,0.904999,3,0.905001,3,2.9,0.905002,3,1.095,0.905002,1,-0.9,0.905,0.999999,0.905,0.905001,-1,-1,0.905,-1,1,0.905,-1,3,0.905,-0.9,-1,0.905,0.905,-1,0.905,-1,2.9,0.905,-1,1.095,0.905,-1,-0.9,0.905,-1,0.905,0.905,1,3,-2.9,3,3,-2.9,3,1,-2.9,1,1,-2.9,3,-1,-2.9,1,-1,-2.9,3,2.9,-2.9,1,2.9,-2.9,3,1.095,-2.9,1,1.095,-2.9,1,3,-1.095,3,1,-1.095,3,-1,-1.095,3,3,-1.095,1,1,-1.095,1,-1,-1.095,3,2.9,-1.095,1,2.9,-1.095,3,1.095,-1.095,1,1.095,-1.095,1,-0.9,-0.999999,1,-0.9,-3,3,-0.9,-3,3,-0.9,-0.999998,1,-0.9,-2.9,3,-0.9,-2.9,3,-0.9,-1.095,1,-0.9,-1.095,1,0.905,-1,3,0.905,-3,1,0.905,-3,3,0.905,-0.999998,1,0.905,-2.9,3,0.905,-2.9,3,0.905,-1.095,1,0.905,-1.095,1.1,1,-0.999999,1.1,3,-1,1.1,3,1,1.1,1,1,1.1,1,-3,1.1,3,-3,1.1,-1,-0.999999,1.1,-1,-3,1.1,2.9,1,1.1,2.9,-3,1.1,1.095,1,1.1,1.095,-3,1.1,3,-0.9,1.1,1,-0.899999,1.1,3,0.905001,1.1,1,0.905001,1.1,3,-2.9,1.1,-1,-2.9,1.1,3,-1.095,1.1,-1,-1.095,1.1,-0.9,-3,1.1,-0.9,-0.999999,1.1,0.905,-3,1.1,0.905,-0.999999,2.905,3,-0.999999,2.905,1,1,2.905,3,-3,2.905,2.9,1,2.905,2.9,-3,2.905,1.095,1,2.905,1.095,-3,2.905,3,-0.899999,2.905,1,-0.899998,2.905,3,0.905002,2.905,1,0.905002,2.905,-1,-2.9,2.905,-1,-1.095,2.905,-0.9,-0.999998,2.905,0.905,-0.999998,2.905,1,-0.999998,2.905,3,1,2.905,1,-3,2.905,-1,-0.999998,2.905,-1,-3,2.905,3,-2.9,2.905,3,-1.095,2.905,-0.9,-3,2.905,0.905,-3],
    "normals": [0,-1,0,0,-0.707083,0.707083,-0.577349,-0.577349,0.577349,-0.707083,-0.707083,0,-1,0,0,-0.707083,0,0.707083,-0.577349,0.577349,0.577349,-0.707083,0.707083,0,1,0,0,0.707083,-0.707083,0,0.301492,-0.301492,0.904508,0.707083,0,0.707083,0,0,1,-0.707083,0,-0.707083,0,0,-1,0,-0.707083,-0.707083,-0.577349,-0.577349,-0.577349,0,1,0,0,0.707083,0.707083,-0.577349,0.577349,-0.577349,0,0.707083,-0.707083,0.707083,0.707083,0,0.577349,0.577349,-0.577349,0.577349,-0.577349,0.577349,0.577349,0.577349,0.577349,0.904508,-0.301492,0.301492,0.707083,0,-0.707083,0.577349,-0.577349,-0.577349,-0.301492,0.904508,-0.301492,0,-0.999969,0,0,0.999969,0],
    "faces": [33,110,25,2,107,0,1,2,3,33,112,37,10,109,4,5,6,7,33,106,97,5,69,8,9,10,11,33,74,27,6,70,12,12,5,5,33,95,79,7,71,4,4,13,13,33,65,24,3,63,14,15,16,13,33,101,109,10,29,17,7,6,18,33,46,38,9,35,12,12,18,18,33,45,36,11,28,14,13,19,20,33,196,117,19,178,17,21,22,20,33,89,41,14,83,8,8,21,21,33,181,177,13,55,12,1,23,11,33,185,192,15,100,17,18,24,21,33,184,191,12,82,0,1,25,9,33,180,178,19,43,14,20,22,26,33,140,137,22,121,4,13,16,3,33,124,118,18,52,8,8,26,26,33,123,116,17,42,4,7,19,13,33,169,121,22,159,0,3,16,15,33,142,139,21,128,8,11,23,9,33,198,138,23,195,14,26,27,15,33,173,136,20,158,12,5,2,1,33,111,31,25,110,0,1,1,0,33,75,33,27,74,12,12,12,12,33,67,30,24,65,14,15,15,14,33,102,101,29,35,17,17,18,18,33,37,44,29,10,5,12,18,6,33,47,45,28,34,14,14,20,20,33,44,46,35,29,12,12,18,18,33,96,1,31,111,9,23,1,0,33,69,5,33,75,11,10,12,12,33,60,0,30,67,26,27,15,14,33,98,102,35,9,17,17,18,18,33,39,47,34,8,13,14,20,28,33,113,53,37,112,4,5,5,4,33,58,54,38,46,12,12,12,12,33,57,48,36,45,14,13,13,14,33,91,50,41,89,8,8,8,8,33,192,179,40,15,18,12,11,24,33,182,180,43,52,14,14,26,26,33,117,122,43,19,21,8,26,22,33,125,123,42,51,4,4,13,13,33,53,56,44,37,5,12,12,5,33,59,57,45,47,14,14,14,14,33,56,58,46,44,12,12,12,12,33,49,59,47,39,13,14,14,13,33,179,181,55,40,12,12,11,11,33,122,124,52,43,8,8,26,26,33,108,6,53,113,4,5,5,4,33,33,5,54,58,12,10,12,12,33,26,7,48,57,14,13,13,14,33,82,12,50,91,9,25,8,8,33,193,182,52,18,14,14,26,26,33,119,125,51,16,4,4,13,13,33,6,27,56,53,5,12,12,5,33,32,26,57,59,14,14,14,14,33,27,33,58,56,12,12,12,12,33,4,32,59,49,16,14,14,13,33,96,105,61,1,9,8,11,23,33,25,64,62,2,1,12,5,2,33,77,93,63,3,3,4,13,16,33,72,65,63,71,14,14,13,13,33,31,66,64,25,1,12,12,1,33,73,67,65,72,14,14,14,14,33,1,61,66,31,23,11,12,1,33,68,60,67,73,26,26,14,14,33,105,106,69,61,8,8,11,11,33,64,74,70,62,12,12,5,5,33,93,95,71,63,4,4,13,13,33,66,75,74,64,12,12,12,12,33,61,69,75,66,11,11,12,12,33,26,72,71,7,14,14,13,13,33,32,73,72,26,14,14,14,14,33,4,68,73,32,16,26,14,14,33,24,84,77,3,15,0,3,16,33,36,88,81,11,13,4,7,19,33,68,4,78,94,26,16,9,8,33,115,108,79,95,4,4,4,4,33,28,11,81,85,20,19,7,17,33,103,89,83,100,8,8,21,21,33,176,183,83,14,17,17,21,21,33,186,184,82,99,0,0,9,9,33,30,86,84,24,15,0,0,15,33,34,28,85,87,20,20,17,17,33,0,76,86,30,27,9,0,15,33,8,34,87,80,28,20,17,17,33,48,90,88,36,13,4,4,13,33,104,91,89,103,8,8,8,8,33,7,79,90,48,13,4,4,13,33,99,82,91,104,9,9,8,8,33,0,60,92,76,27,26,8,9,33,107,114,93,77,3,4,4,3,33,60,68,94,92,26,26,8,8,33,114,115,95,93,4,4,4,4,33,84,110,107,77,0,0,3,3,33,88,112,109,81,4,4,7,7,33,94,78,97,106,8,9,9,8,33,85,81,109,101,17,7,7,17,33,183,185,100,83,17,17,21,21,33,86,111,110,84,0,0,0,0,33,87,85,101,102,17,17,17,17,33,76,96,111,86,9,9,0,0,33,80,87,102,98,17,17,17,17,33,90,113,112,88,4,4,4,4,33,79,108,113,90,4,4,4,4,33,76,92,105,96,9,8,8,9,33,92,94,106,105,8,8,8,8,33,70,6,108,115,5,5,4,4,33,40,103,100,15,11,8,21,24,33,177,186,99,13,1,0,9,23,33,55,104,103,40,11,8,8,11,33,13,99,104,55,23,9,8,11,33,2,62,114,107,2,5,4,3,33,62,70,115,114,5,5,4,4,33,197,129,117,196,17,21,21,17,33,143,140,121,131,4,4,3,3,33,134,127,118,124,8,8,8,8,33,133,126,116,123,4,7,7,4,33,171,131,121,169,29,3,3,0,33,138,141,120,23,26,8,9,27,33,129,132,122,117,21,8,8,21,33,135,133,123,125,4,4,4,4,33,132,134,124,122,8,8,8,8,33,130,135,125,119,4,4,4,4,33,141,142,128,120,8,8,9,9,33,176,14,129,197,17,21,21,17,33,136,143,131,20,5,4,3,2,33,50,12,127,134,8,25,8,8,33,39,8,126,133,13,28,7,4,33,158,20,131,171,1,2,3,29,33,14,41,132,129,21,8,8,21,33,49,39,133,135,13,13,4,4,33,41,50,134,132,8,8,8,8,33,4,49,135,130,16,13,4,4,33,148,146,137,140,4,13,13,4,33,150,147,139,142,8,11,11,8,33,199,145,138,198,14,26,26,14,33,175,144,136,173,12,5,5,12,33,151,148,140,143,4,4,4,4,33,145,149,141,138,26,8,8,26,33,149,150,142,141,8,8,8,8,33,144,151,143,136,5,4,4,5,33,119,16,146,148,4,13,13,4,33,127,12,147,150,8,25,11,8,33,193,18,145,199,14,26,26,14,33,152,4,144,175,1,16,5,12,33,130,119,148,151,4,4,4,4,33,18,118,149,145,26,8,8,26,33,118,127,150,149,8,8,8,8,33,4,130,151,144,16,4,4,5,33,116,168,157,17,7,17,20,19,33,54,5,155,162,12,10,1,12,33,98,9,154,166,17,18,18,17,33,78,4,152,165,9,16,1,0,33,42,17,157,161,13,19,20,14,33,187,169,159,195,0,0,15,15,33,137,172,159,22,13,14,15,16,33,189,173,158,194,12,12,1,1,33,9,38,160,154,18,12,12,18,33,51,42,161,163,13,13,14,14,33,38,54,162,160,12,12,12,12,33,16,51,163,156,13,13,14,14,33,8,80,164,153,28,17,17,17,33,97,78,165,167,9,9,0,0,33,80,98,166,164,17,17,17,17,33,5,97,167,155,10,9,0,1,33,126,170,168,116,7,30,17,7,33,188,171,169,187,0,29,0,0,33,8,153,170,126,28,17,30,7,33,194,158,171,188,1,1,29,0,33,146,174,172,137,13,14,14,