{
    "name": "CubeGeometry.1",
    "uvs": [],
    "metadata": {
        "vertices": 200,
        "type": "Geometry",
        "generator": "io_three",
        "uvs": 0,
        "version": 3,
        "normals": 35,
        "faces": 198
    },
    "vertices": [0.203403,-0.198261,-0.205776,0.205844,-0.20241,0.199204,-0.199134,-0.206704,0.201601,-0.201576,-0.202554,-0.203379,0.199134,0.206704,-0.201601,0.201576,0.202554,0.203379,-0.203403,0.198261,0.205776,-0.205844,0.20241,-0.199204,0.194866,0.611668,-0.197426,0.197307,0.607518,0.207554,-0.207671,0.603225,0.209951,-0.210113,0.607375,-0.195028,0.604113,0.210997,-0.203998,0.606554,0.206847,0.200982,0.599844,0.615961,-0.199823,0.602286,0.611812,0.205157,0.196693,0.210853,-0.606581,0.192425,0.615818,-0.602405,0.601672,0.215147,-0.608978,0.597403,0.620111,-0.604803,0.203403,-0.198261,-0.205776,0.608381,-0.193967,-0.208173,0.200962,-0.194111,-0.610756,0.60594,-0.189818,-0.613153,-0.181327,-0.202339,-0.203499,-0.178885,-0.206489,0.201481,-0.185595,0.202625,-0.199323,-0.183154,0.198475,0.205656,-0.189864,0.607589,-0.195148,-0.187422,0.60344,0.209831,0.184166,-0.198465,-0.205662,0.186608,-0.202614,0.199317,0.179898,0.2065,-0.201487,0.182339,0.20235,0.203493,0.175629,0.611464,-0.197312,0.178071,0.607314,0.207668,-0.209899,0.587126,-0.195237,-0.207458,0.582977,0.209743,0.197521,0.58727,0.207345,0.195079,0.59142,-0.197635,0.602499,0.591563,0.204948,0.600058,0.595713,-0.200032,0.192638,0.595569,-0.602614,0.597616,0.599863,-0.605012,-0.187209,0.583191,0.209623,-0.18965,0.587341,-0.195357,0.178284,0.587066,0.207459,0.175843,0.591216,-0.197521,-0.206047,0.221646,-0.199005,0.198932,0.225939,-0.201403,0.60391,0.230233,-0.2038,0.19649,0.230089,-0.606382,0.601469,0.234382,-0.60878,-0.203606,0.217496,0.205974,0.201373,0.22179,0.203577,0.606351,0.226083,0.20118,-0.183357,0.217711,0.205855,-0.185798,0.221861,-0.199125,0.182136,0.221586,0.203691,0.179695,0.225735,-0.201289,0.203189,-0.178012,-0.205567,0.205631,-0.182162,0.199412,-0.199348,-0.186455,0.20181,-0.201789,-0.182306,-0.20317,-0.179099,-0.186241,0.20169,-0.18154,-0.182091,-0.20329,0.186394,-0.182366,0.199526,0.183953,-0.178216,-0.205454,0.199337,0.187468,-0.201799,0.201778,0.183318,0.203181,-0.2032,0.179025,0.205578,-0.205641,0.183174,-0.199402,-0.185393,0.183389,-0.199522,0.180101,0.187264,-0.201685,-0.182951,0.17924,0.205458,0.182542,0.183114,0.203294,0.203525,-0.198468,-0.185527,-0.201454,-0.202762,-0.18313,0.199256,0.206496,-0.181352,-0.205722,0.202203,-0.178955,0.194988,0.61146,-0.177177,-0.209991,0.607167,-0.174779,0.604235,0.210789,-0.183749,0.599966,0.615754,-0.179574,-0.181205,-0.202547,-0.18325,-0.189742,0.607382,-0.174899,0.184288,-0.198672,-0.185413,0.175751,0.611256,-0.177063,-0.209777,0.586919,-0.174988,0.60018,0.595506,-0.179783,-0.205925,0.221439,-0.178756,0.604032,0.230025,-0.183551,0.203311,-0.17822,-0.185318,-0.201667,-0.182513,-0.182921,0.199459,0.18726,-0.18155,-0.205519,0.182967,-0.179153,0.205728,-0.202213,0.179967,0.20146,0.202751,0.184142,0.197191,0.607715,0.188317,0.606438,0.207044,0.181745,0.60217,0.612009,0.18592,-0.187538,0.603637,0.190595,0.177955,0.607511,0.188431,0.602383,0.591761,0.185711,0.606235,0.22628,0.181943,0.205515,-0.181965,0.180176,0.201662,0.183515,0.183944,-0.19925,-0.206507,0.182364,-0.203519,0.198458,0.18654,-0.207787,0.603422,0.190715,-0.179001,-0.206292,0.182245,0.186492,-0.202417,0.180081,-0.207574,0.583174,0.190506,-0.203721,0.217694,0.186738,-0.199464,-0.186258,0.182573,-0.203316,0.179222,0.186341,0.192547,0.61561,-0.582157,0.597525,0.619903,-0.584554,0.601794,0.214939,-0.588729,0.196815,0.210646,-0.586332,0.606062,-0.190025,-0.592904,0.201084,-0.194319,-0.590507,0.597739,0.599655,-0.584763,0.19276,0.595362,-0.582365,0.601591,0.234175,-0.588531,0.196612,0.229882,-0.586133,0.19475,0.611865,-0.216662,0.603997,0.211194,-0.223235,0.608265,-0.19377,-0.22741,0.599728,0.616158,-0.21906,0.199018,0.206901,-0.220837,0.203287,-0.198064,-0.225013,0.599942,0.59591,-0.219268,0.194963,0.591617,-0.216871,0.603794,0.23043,-0.223036,0.198816,0.226137,-0.220639,0.203189,-0.178012,-0.205567,0.200748,-0.173863,-0.610547,0.605727,-0.16957,-0.612944,0.608168,-0.173719,-0.207965,0.20087,-0.17407,-0.590298,0.605849,-0.169777,-0.592696,0.608052,-0.173522,-0.227201,0.203073,-0.177815,-0.224804,0.199337,0.187468,-0.201799,0.601874,0.195911,-0.609176,0.196896,0.191617,-0.606779,0.604316,0.191761,-0.204197,0.197018,0.19141,-0.58653,0.601996,0.195703,-0.588927,0.6042,0.191958,-0.223433,0.199221,0.187665,-0.221036,0.219383,0.206918,-0.201721,0.215115,0.611883,-0.197546,0.217556,0.607733,0.207434,0.221825,0.202769,0.203259,0.216942,0.211068,-0.606701,0.212674,0.616032,-0.602525,0.223652,-0.198046,-0.205896,0.22121,-0.193896,-0.610876,0.21777,0.587485,0.207225,0.212887,0.595784,-0.602734,0.221622,0.222004,0.203457,0.216739,0.230304,-0.606502,0.215237,0.611675,-0.177297,0.219505,0.206711,-0.181472,0.21744,0.60793,0.188198,0.221709,0.202966,0.184022,0.212796,0.615825,-0.582276,0.221333,-0.194104,-0.590627,0.214999,0.61208,-0.216782,0.223536,-0.197849,-0.225133,0.220997,-0.173648,-0.610667,0.223438,-0.177798,-0.205687,0.217145,0.191832,-0.606899,0.219586,0.187682,-0.201919,0.580608,0.615757,-0.199709,0.587318,0.206643,0.201095,0.578167,0.619907,-0.604689,0.583263,0.591359,0.205062,0.57838,0.599659,-0.604898,0.587115,0.225879,0.201294,0.582232,0.234178,-0.608666,0.58073,0.61555,-0.17946,0.584998,0.210586,-0.183635,0.582933,0.611805,0.186034,0.587202,0.206841,0.181859,0.586826,-0.190229,-0.59279,0.589029,-0.193974,-0.227296,0.588931,-0.173923,-0.207851,0.585079,0.191557,-0.204083,0.584876,0.210793,-0.203884,0.583049,0.611608,0.205271,0.582435,0.214943,-0.608864,0.589145,-0.194171,-0.20806,0.586703,-0.190022,-0.613039,0.578289,0.619699,-0.58444,0.580492,0.615954,-0.218946,0.58649,-0.169773,-0.612831,0.582638,0.195707,-0.609062],
    "normals": [0.010529,-0.999878,-0.010285,0.011689,-0.714255,0.699759,-0.567736,-0.589312,0.574755,-0.699576,-0.714499,-0.003082,-0.999908,-0.01059,0.00589,-0.70278,-0.01474,0.711234,-0.579913,0.565233,0.586657,-0.714499,0.699515,0.011475,0.999908,0.01059,-0.00589,0.714499,-0.699515,-0.011444,0.310099,-0.307535,0.899564,0.711295,0.000244,0.702841,0.006012,-0.010224,0.999908,-0.70278,-0.01471,0.711234,-0.711295,-0.000244,-0.702841,-0.006012,0.010224,-0.999908,0.003174,-0.699759,-0.714316,-0.574694,-0.577471,-0.579821,-0.010529,0.999878,0.010285,-0.003174,0.699759,0.714316,-0.003174,0.699759,0.714347,-0.586871,0.577074,-0.567919,-0.011689,0.714255,-0.699759,0.699576,0.714499,0.003082,0.567736,0.589312,-0.574755,0.586871,-0.577074,0.567919,0.574694,0.577471,0.579821,0.909452,-0.294961,0.293008,0.70278,0.01474,-0.711234,0.70278,0.01471,-0.711234,-0.714499,0.699515,0.011444,-0.711295,-0.000244,-0.702872,0.714499,-0.699515,-0.011475,0.579882,-0.565233,-0.586657,-0.312815,0.904324,-0.290353],