{
    "uvs": [],
    "normals": [0,-1,0,0.272408,-0.941588,-0.197913,0.336711,-0.941588,0,0.491409,-0.794366,-0.357006,0.60741,-0.794366,0,0.66274,-0.573504,-0.481491,0.819178,-0.573504,0,0.771661,-0.300302,-0.560625,0.953825,-0.300302,0,0.809015,0,-0.587756,1,0,0,0.771661,0.300302,-0.560625,0.953825,0.300302,0,0.66274,0.573504,-0.481491,0.819178,0.573504,0,0.491409,0.794366,-0.357006,0.60741,0.794366,0,0.272408,0.941588,-0.197913,0.336711,0.941588,0,0,1,0,0.104038,0.941588,-0.320231,0.187689,0.794366,-0.577654,0.253121,0.573504,-0.779077,0.294748,0.300302,-0.907132,0.309,0,-0.951048,0.294748,-0.300302,-0.907132,0.253121,-0.573504,-0.779077,0.187689,-0.794366,-0.577654,0.104038,-0.941588,-0.320231,-0.104038,-0.941588,-0.320231,-0.187689,-0.794366,-0.577654,-0.253121,-0.573504,-0.779077,-0.294748,-0.300302,-0.907132,-0.309,0,-0.951048,-0.294748,0.300302,-0.907132,-0.253121,0.573504,-0.779077,-0.187689,0.794366,-0.577654,-0.104038,0.941588,-0.320231,-0.272408,0.941588,-0.197913,-0.491409,0.794366,-0.357006,-0.66274,0.573504,-0.481491,-0.771661,0.300302,-0.560625,-0.809015,0,-0.587756,-0.771661,-0.300302,-0.560625,-0.66274,-0.573504,-0.481491,-0.491409,-0.794366,-0.357006,-0.272408,-0.941588,-0.197882,-0.336711,-0.941588,0,-0.60741,-0.794366,0,-0.819178,-0.573504,0,-0.953825,-0.300302,0,-1,0,0,-0.953825,0.300302,0,-0.819178,0.573504,0,-0.60741,0.794366,0,-0.336711,0.941588,0,-0.272408,0.941588,0.197913,-0.491409,0.794366,0.357006,-0.66274,0.573504,0.481491,-0.771661,0.300302,0.560625,-0.809015,0,0.587756,-0.771661,-0.300302,0.560625,-0.66274,-0.573504,0.481491,-0.491409,-0.794366,0.357006,-0.272408,-0.941588,0.197913,-0.104038,-0.941588,0.320231,-0.187689,-0.794366,0.577685,-0.253121,-0.573504,0.779077,-0.294748,-0.300302,0.907132,-0.309,0,0.951048,-0.294748,0.300302,0.907132,-0.253121,0.573504,0.779077,-0.187689,0.794366,0.577685,-0.104038,0.941588,0.320231,0.104038,0.941588,0.320231,0.187689,0.794366,0.577685,0.253121,0.573504,0.779077,0.294748,0.300302,0.907132,0.309,0,0.951048,0.294748,-0.300302,0.907132,0.253121,-0.573504,0.779077,0.187689,-0.794366,0.577685,0.104038,-0.941588,0.320231,0.272408,-0.941588,0.197913,0.491409,-0.794366,0.357006,0.66274,-0.573504,0.481491,0.771661,-0.300302,0.560625,0.809015,0,0.587786,0.771661,0.300302,0.560625,0.66274,0.573504,0.481491,0.491409,0.794366,0.357006,0.272408,0.941588,0.197913],
    "vertices": [-0.128823,4.55745,1.14013,-0.112011,4.54888,1.14013,-0.09867,4.53554,1.14013,-0.090104,4.51873,1.14013,-0.087152,4.50009,1.14013,-0.090104,4.48146,1.14013,-0.09867,4.46465,1.14013,-0.112011,4.45131,1.14013,-0.128823,4.44274,1.14013,-0.147459,4.43979,1.14013,-0.132382,4.44274,1.12918,-0.118781,4.45131,1.1193,-0.107988,4.46465,1.11146,-0.101058,4.48146,1.10642,-0.09867,4.50009,1.10469,-0.101058,4.51873,1.10642,-0.107988,4.53554,1.11146,-0.118781,4.54888,1.1193,-0.132382,4.55745,1.12918,-0.1417,4.55745,1.12241,-0.136505,4.54888,1.10642,-0.132382,4.53554,1.09373,-0.129735,4.51873,1.08559,-0.128823,4.50009,1.08278,-0.129735,4.48146,1.08559,-0.132382,4.46465,1.09373,-0.136505,4.45131,1.10642,-0.1417,4.44274,1.12241,-0.153218,4.44274,1.12241,-0.158413,4.45131,1.10642,-0.162536,4.46465,1.09373,-0.165183,4.48146,1.08559,-0.166095,4.50009,1.08278,-0.165183,4.51873,1.08559,-0.162536,4.53554,1.09373,-0.158413,4.54888,1.10642,-0.153218,4.55745,1.12241,-0.162536,4.55745,1.12918,-0.176136,4.54888,1.1193,-0.18693,4.53554,1.11146,-0.19386,4.51873,1.10642,-0.196248,4.50009,1.10469,-0.19386,4.48146,1.10642,-0.18693,4.46465,1.11146,-0.176136,4.45131,1.1193,-0.162536,4.44274,1.12918,-0.166095,4.44274,1.14013,-0.182906,4.45131,1.14013,-0.196248,4.46465,1.14013,-0.204814,4.48146,1.14013,-0.207766,4.50009,1.14013,-0.204814,4.51873,1.14013,-0.196248,4.53554,1.14013,-0.182906,4.54888,1.14013,-0.166095,4.55745,1.14013,-0.162536,4.55745,1.15109,-0.176136,4.54888,1.16097,-0.18693,4.53554,1.16881,-0.19386,4.51873,1.17385,-0.196248,4.50009,1.17558,-0.19386,4.48146,1.17385,-0.18693,4.46465,1.16881,-0.176136,4.45131,1.16097,-0.162536,4.44274,1.15109,-0.153218,4.44274,1.15786,-0.158413,4.45131,1.17385,-0.162536,4.46465,1.18653,-0.165183,4.48146,1.19468,-0.166095,4.50009,1.19749,-0.165183,4.51873,1.19468,-0.162536,4.53554,1.18653,-0.158413,4.54888,1.17385,-0.153218,4.55745,1.15786,-0.147459,4.5604,1.14013,-0.1417,4.55745,1.15786,-0.136505,4.54888,1.17385,-0.132382,4.53554,1.18653,-0.129735,4.51873,1.19468,-0.128823,4.50009,1.19749,-0.129735,4.48146,1.19468,-0.132382,4.46465,1.18653,-0.136505,4.45131,1.17385,-0.1417,4.44274,1.15786,-0.132382,4.44274,1.15109,-0.118781,4.45131,1.16097,-0.107987,4.46465,1.16881,-0.101057,4.48146,1.17385,-0.09867,4.50009,1.17558,-0.101057,4.51873,1.17385,-0.107987,4.53554,1.16881,-0.118781,4.54888,1.16097,-0.132382,4.55745,1.15109],
    "faces": [32,9,10,8,0,1,2,33,8,10,11,7,2,1,3,4,33,7,11,12,6,4,3,5,6,33,6,12,13,5,6,5,7,8,33,5,13,14,4,8,7,9,10,33,4,14,15,3,10,9,11,12,33,3,15,16,2,12,11,13,14,33,2,16,17,1,14,13,15,16,33,18,0,1,17,17,18,16,15,32,0,18,73,18,17,19,32,18,19,73,17,20,19,33,17,20,19,18,15,21,20,17,33,16,21,20,17,13,22,21,15,33,15,22,21,16,11,23,22,13,33,14,23,22,15,9,24,23,11,33,13,24,23,14,7,25,24,9,33,12,25,24,13,5,26,25,7,33,11,26,25,12,3,27,26,5,33,10,27,26,11,1,28,27,3,32,9,27,10,0,28,1,32,9,28,27,0,29,28,33,27,28,29,26,28,29,30,27,33,26,29,30,25,27,30,31,26,33,25,30,31,24,26,31,32,25,33,24,31,32,23,25,32,33,24,33,23,32,33,22,24,33,34,23,33,22,33,34,21,23,34,35,22,33,21,34,35,20,22,35,36,21,33,20,35,36,19,21,36,37,20,32,19,36,73,20,37,19,32,36,37,73,37,38,19,33,35,38,37,36,36,39,38,37,33,34,39,38,35,35,40,39,36,33,33,40,39,34,34,41,40,35,33,32,41,40,33,33,42,41,34,33,31,42,41,32,32,43,42,33,33,30,43,42,31,31,44,43,32,33,29,44,43,30,30,45,44,31,33,28,45,44,29,29,46,45,30,32,9,45,28,0,46,29,32,9,46,45,0,47,46,33,45,46,47,44,46,47,48,45,33,44,47,48,43,45,48,49,44,33,43,48,49,42,44,49,50,43,33,42,49,50,41,43,50,51,42,33,41,50,51,40,42,51,52,41,33,40,51,52,39,41,52,53,40,33,39,52,53,38,40,53,54,39,33,38,53,54,37,39,54,55,38,32,37,54,73,38,55,19,32,54,55,73,55,56,19,33,53,56,55,54,54,57,56,55,33,52,57,56,53,53,58,57,54,33,51,58,57,52,52,59,58,53,33,50,59,58,51,51,60,59,52,33,49,60,59,50,50,61,60,51,33,48,61,60,49,49,62,61,50,33,47,62,61,48,48,63,62,49,33,46,63,62,47,47,64,63,48,32,9,63,46,0,64,47,32,9,64,63,0,65,64,33,63,64,65,62,64,65,66,63,33,62,65,66,61,63,66,67,62,33,61,66,67,60,62,67,68,61,33,60,67,68,59,61,68,69,60,33,59,68,69,58,60,69,70,59,33,58,69,70,57,59,70,71,58,33,57,70,71,56,58,71,72,57,33,56,71,72,55,57,72,73,56,32,55,72,73,56,73,19,32,72,74,73,73,74,19,33,71,75,74,72,72,75,74,73,33,70,76,75,71,71,76,75,72,33,69,77,76,70,70,77,76,71,33,68,78,77,69,69,78,77,70,33,67,79,78,68,68,79,78,69,33,66,80,79,67,67,80,79,68,33,65,81,80,66,66,81,80,67,33,64,82,81,65,65,82,81,66,32,9,82,64,0,82,65,32,9,83,82,0,83,82,33,82,83,84,81,82,83,84,81,33,81,84,85,80,81,84,85,80,33,80,85,86,79,80,85,86,79,33,79,86,87,78,79,86,87,78,33,78,87,88,77,78,87,88,77,33,77,88,89,76,77,88,89,76,33,76,89,90,75,76,89,90,75,33,75,90,91,74,75,90,91,74,32,74,91,73,74,91,19,32,91,0,73,91,18,19,33,0,91,90,1,18,91,90,16,33,89,2,1,90,89,14,16,90,33,88,3,2,89,88,12,14,89,33,87,4,3,88,87,10,12,88,33,86,5,4,87,86,8,10,87,33,85,6,5,86,85,6,8,86,33,84,7,6,85,84,4,6,85,33,83,8,7,84,83,2,4,84,32,9,8,83,0,2,83],
    "name": "Sphere.009Geometry",
    "metadata": {
        "generator": "io_three",
        "normals": 92,
        "vertices": 92,
        "faces": 100,
        "uvs": 0,
        "version": 3,
        "type": "Geometry"
    }
}